gpu,device_index,device_capability,driver_version,torch,cuda,cudnn,triton,backend,execution,torchao,m,k,n,bias,seed,source_dtype,activation_quantization_timed,warmup_rounds,benchmark_rounds,cache_state,inductor_cache,preparation_ms,compile_wrap_ms,compile_options,first_call_ms,warmup_ms,capture_first_call_ms,cuda_event_median_ms,cuda_event_p90_ms,source_weight_bytes,derived_weight_bytes,resident_weight_bytes,input_and_source_allocated_bytes,preparation_peak_allocated_bytes,startup_peak_allocated_bytes,steady_base_allocated_bytes,steady_peak_allocated_bytes,steady_peak_reserved_bytes,relative_l2,eager_relative_l2,eager_max_abs_error,eager_mismatch_fraction,mae,max_abs_error,cosine_similarity,requested_torchao_config,label,returncode,wall_median_ms,wall_p90_ms,rows_per_second
NVIDIA B200,0,10.0,580.126.20,2.12.1+cu130,13.0,92000,3.7.1,bf16,eager,,4800,2048,2048,False,42,bfloat16,False,5,50,fresh,<REPO>/artifacts/torchao-625/compatibility-v2/sweep-1073875/cache/0-bf16-eager/inductor,0.3963169947382994,0.0,,114.05580800055759,0.543654001376126,0.0,0.03899199888110161,0.0395519994199276,8388608,0,8388608,28049408,28049408,100925440,61603840,100925440,117440512,0.0,0.0,0.0,0.0,0.0,0.0,1.0,,0-bf16-eager-fresh,0,0.04243399598635733,0.04375800199341029,113116850.96881321
NVIDIA B200,0,10.0,580.126.20,2.12.1+cu130,13.0,92000,3.7.1,bf16,compile,,4800,2048,2048,False,42,bfloat16,False,5,50,cold,<REPO>/artifacts/torchao-625/compatibility-v2/sweep-1073875/cache/0-bf16-compile/inductor,0.4335910052759573,14156.803095000214,,42140.99489399814,0.43240299419267103,0.0,0.06249599903821945,0.06486400216817856,8388608,0,8388608,28049408,28049408,241958912,61603840,100925440,253755392,0.0,0.0,0.0,0.0,0.0,0.0,1.0,,0-bf16-compile-cold,0,0.06571199992322363,0.06991099508013576,73046019.0773102
NVIDIA B200,0,10.0,580.126.20,2.12.1+cu130,13.0,92000,3.7.1,bf16,compile,,4800,2048,2048,False,42,bfloat16,False,5,50,warm,<REPO>/artifacts/torchao-625/compatibility-v2/sweep-1073875/cache/0-bf16-compile/inductor,0.3456429985817522,1250.15176099987,,4578.112811999745,54.20269199385075,0.0,0.08508799970149994,0.09702400118112564,8388608,0,8388608,28049408,28049408,100925440,61603840,100925440,117440512,0.0,0.0,0.0,0.0,0.0,0.0,1.0,,0-bf16-compile-warm,0,0.08662799882586114,0.09379300172440708,55409337.22420298
NVIDIA B200,0,10.0,580.126.20,2.12.1+cu130,13.0,92000,3.7.1,bf16,graph,,4800,2048,2048,False,42,bfloat16,False,5,50,fresh,<REPO>/artifacts/torchao-625/compatibility-v2/sweep-1073875/cache/0-bf16-graph/inductor,0.4158590018050745,0.0,,124.02285700227367,0.7017949974397197,49.76633500336902,0.048496000468730927,0.049375999718904495,8388608,0,8388608,28049408,28049408,154141696,154141696,193463296,216006656,0.0,0.0,0.0,0.0,0.0,0.0,1.0,,0-bf16-graph-fresh,0,0.052966501243645325,0.055372998758684844,90623316.38482317
NVIDIA B200,0,10.0,580.126.20,2.12.1+cu130,13.0,92000,3.7.1,bf16,compile_graph,,4800,2048,2048,False,42,bfloat16,False,5,50,cold,<REPO>/artifacts/torchao-625/compatibility-v2/sweep-1073875/cache/0-bf16-compile_graph/inductor,0.3955220017815009,1308.581197001331,,10642.779770998459,0.6240969960344955,4.692698996223044,0.04825599864125252,0.049056001007556915,8388608,0,8388608,28049408,28049408,261619712,154141696,193463296,216006656,0.0,0.0,0.0,0.0,0.0,0.0,1.0,,0-bf16-compile_graph-cold,0,0.0531584992131684,0.05595199763774872,90296002.91670662
NVIDIA B200,0,10.0,580.126.20,2.12.1+cu130,13.0,92000,3.7.1,bf16,compile_graph,,4800,2048,2048,False,42,bfloat16,False,5,50,warm,<REPO>/artifacts/torchao-625/compatibility-v2/sweep-1073875/cache/0-bf16-compile_graph/inductor,0.3961629990953952,1306.4214670012007,,4516.293950997351,1.180697996460367,5.32828599534696,0.049295999109745026,0.04972799867391586,8388608,0,8388608,28049408,28049408,154141696,154141696,193463296,216006656,0.0,0.0,0.0,0.0,0.0,0.0,1.0,,0-bf16-compile_graph-warm,0,0.05420500383479521,0.057094999647233635,88552710.2743011
NVIDIA B200,0,10.0,580.126.20,2.12.1+cu130,13.0,92000,3.7.1,flashdreams,eager,,4800,2048,2048,False,42,bfloat16,True,5,50,fresh,<REPO>/artifacts/torchao-625/compatibility-v2/sweep-1073875/cache/0-flashdreams-eager/inductor,1732.1395779945306,0.0,,13.289331996929832,0.6629670024267398,0.0,0.061744000762701035,0.06499200314283371,8388608,4202496,12591104,28049408,32251904,81423360,32251904,81423360,106954752,0.037498329799821824,0.0,0.0,0.0,1.349339485168457,9.666015625,0.9992967844009399,,0-flashdreams-eager-fresh,0,0.06477200076915324,0.07008499960647896,74106094.34633881
NVIDIA B200,0,10.0,580.126.20,2.12.1+cu130,13.0,92000,3.7.1,flashdreams,compile,,4800,2048,2048,False,42,bfloat16,True,5,50,cold,<REPO>/artifacts/torchao-625/compatibility-v2/sweep-1073875/cache/0-flashdreams-compile/inductor,1889.5234150040778,1317.4956010043388,,34401.20438399754,0.5461450055008754,0.0,0.07787199690937996,0.08099199831485748,8388608,4202496,12591104,28049408,32251904,198609920,32251904,81423360,220200960,0.037498329799821824,0.0,0.0,0.0,1.349339485168457,9.666015625,0.9992967844009399,,0-flashdreams-compile-cold,0,0.08018250082386658,0.08628700015833601,59863435.92031324
NVIDIA B200,0,10.0,580.126.20,2.12.1+cu130,13.0,92000,3.7.1,flashdreams,compile,,4800,2048,2048,False,42,bfloat16,True,5,50,warm,<REPO>/artifacts/torchao-625/compatibility-v2/sweep-1073875/cache/0-flashdreams-compile/inductor,587.5984079975751,1307.9308110027341,,4803.959584001859,1.059411995811388,0.0,0.09987200051546097,0.19580799341201782,8388608,4202496,12591104,28049408,32251904,81423360,32251904,81423360,106954752,0.037498329799821824,0.0,0.0,0.0,1.349339485168457,9.666015625,0.9992967844009399,,0-flashdreams-compile-warm,0,0.0975124967226293,0.18289900617673993,49224460.05719065
NVIDIA B200,0,10.0,580.126.20,2.12.1+cu130,13.0,92000,3.7.1,flashdreams,graph,,4800,2048,2048,False,42,bfloat16,True,5,50,fresh,<REPO>/artifacts/torchao-625/compatibility-v2/sweep-1073875/cache/0-flashdreams-graph/inductor,1706.2395550019573,0.0,,14.001347997691482,1.260527002159506,4.8367239942308515,0.05119999870657921,0.0517439991235733,8388608,4202496,12591104,28049408,32251904,101084160,91235328,130556928,171966464,0.037498329799821824,0.0,0.0,0.0,1.349339485168457,9.666015625,0.9992967844009399,,0-flashdreams-graph-fresh,0,0.05576550029218197,0.05882600089535117,86074723.16845573
NVIDIA B200,0,10.0,580.126.20,2.12.1+cu130,13.0,92000,3.7.1,flashdreams,compile_graph,,4800,2048,2048,False,42,bfloat16,True,5,50,cold,<REPO>/artifacts/torchao-625/compatibility-v2/sweep-1073875/cache/0-flashdreams-compile_graph/inductor,1909.6557990051224,1273.8940270064631,,32265.162201001658,0.8351750002475455,4.776407993631437,0.051183998584747314,0.05212799832224846,8388608,4202496,12591104,28049408,32251904,218270720,91235328,130556928,171966464,0.037498329799821824,0.0,0.0,0.0,1.349339485168457,9.666015625,0.9992967844009399,,0-flashdreams-compile_graph-cold,0,0.0558674983039964,0.057404999097343534,85917575.43681957
NVIDIA B200,0,10.0,580.126.20,2.12.1+cu130,13.0,92000,3.7.1,flashdreams,compile_graph,,4800,2048,2048,False,42,bfloat16,True,5,50,warm,<REPO>/artifacts/torchao-625/compatibility-v2/sweep-1073875/cache/0-flashdreams-compile_graph/inductor,586.3614549962222,1320.4033270012587,,4762.108041999454,2.0055720015079714,8.781149001151789,0.05307199992239475,0.054687999188899994,8388608,4202496,12591104,28049408,32251904,101084160,91235328,130556928,171966464,0.037498329799821824,0.0,0.0,0.0,1.349339485168457,9.666015625,0.9992967844009399,,0-flashdreams-compile_graph-warm,0,0.05844550105393864,0.07951500447234139,82127792.78887759
NVIDIA B200,0,10.0,580.126.20,2.12.1+cu130,13.0,92000,3.7.1,torchao,eager,0.18.0,4800,2048,2048,False,42,bfloat16,True,5,50,fresh,<REPO>/artifacts/torchao-625/compatibility-v2/sweep-1073875/cache/0-torchao-eager/inductor,2328.181771998061,0.0,,13.581690000137314,0.9869040004559793,0.0,0.15241600573062897,0.15913599729537964,8388608,4202496,12591104,28049408,82583552,181300224,32251904,181824512,274726912,0.03749013038475569,0.0,0.0,0.0,1.3489240407943726,9.125,0.999297022819519,PerRow/e4m3/TORCH/fast_accum=False/inductor_config=False/activation_lb=float32.tiny*448,0-torchao-eager-fresh,0,0.158353999722749,0.16818600124679506,30311833.03487115
NVIDIA B200,0,10.0,580.126.20,2.12.1+cu130,13.0,92000,3.7.1,torchao,compile,0.18.0,4800,2048,2048,False,42,bfloat16,True,5,50,cold,<REPO>/artifacts/torchao-625/compatibility-v2/sweep-1073875/cache/0-torchao-compile/inductor,652.1406399988336,1154.4103950000135,"{'emulate_precision_casts': True, 'eager_numerics.division_rounding': True}",50925.90676200052,0.6703000035486184,0.0,0.07848000153899193,0.08348800241947174,8388608,4202496,12591104,28049408,82583552,198609920,32251904,81423360,249561088,0.03749013038475569,0.0,0.0,0.0,1.3489240407943726,9.125,0.999297022819519,PerRow/e4m3/TORCH/fast_accum=False/inductor_config=False/activation_lb=float32.tiny*448,0-torchao-compile-cold,0,0.08275800064438954,0.08937800157582387,58000434.55164608
NVIDIA B200,0,10.0,580.126.20,2.12.1+cu130,13.0,92000,3.7.1,torchao,compile,0.18.0,4800,2048,2048,False,42,bfloat16,True,5,50,warm,<REPO>/artifacts/torchao-625/compatibility-v2/sweep-1073875/cache/0-torchao-compile/inductor,696.0337759956019,1181.582517005154,"{'emulate_precision_casts': True, 'eager_numerics.division_rounding': True}",4879.035676000058,0.7904910016804934,0.0,0.08244800195097923,0.10355199873447418,8388608,4202496,12591104,28049408,82583552,174746624,32251904,81423360,228589568,0.03749013038475569,0.0,0.0,0.0,1.3489240407943726,9.125,0.999297022819519,PerRow/e4m3/TORCH/fast_accum=False/inductor_config=False/activation_lb=float32.tiny*448,0-torchao-compile-warm,0,0.08476750372210518,0.10712299990700558,56625473.07911681
NVIDIA B200,0,10.0,580.126.20,2.12.1+cu130,13.0,92000,3.7.1,torchao,graph,0.18.0,4800,2048,2048,False,42,bfloat16,True,5,50,fresh,<REPO>/artifacts/torchao-625/compatibility-v2/sweep-1073875/cache/0-torchao-graph/inductor,656.123986998864,0.0,,13.575105003837962,1.3980810035718605,10.714650998124853,0.12278399989008904,0.12441600114107132,8388608,4202496,12591104,28049408,82583552,200961024,91235328,130556928,270532608,0.03749013038475569,0.0,0.0,0.0,1.3489240407943726,9.125,0.999297022819519,PerRow/e4m3/TORCH/fast_accum=False/inductor_config=False/activation_lb=float32.tiny*448,0-torchao-graph-fresh,0,0.1274109963560477,0.1286370024899952,37673357.3810732
NVIDIA B200,0,10.0,580.126.20,2.12.1+cu130,13.0,92000,3.7.1,torchao,compile_graph,0.18.0,4800,2048,2048,False,42,bfloat16,True,5,50,cold,<REPO>/artifacts/torchao-625/compatibility-v2/sweep-1073875/cache/0-torchao-compile_graph/inductor,680.2557589981006,1138.0790820039692,"{'emulate_precision_casts': True, 'eager_numerics.division_rounding': True}",51924.152375999256,1.0591890022624284,6.234116000996437,0.05452800169587135,0.05516799911856651,8388608,4202496,12591104,28049408,82583552,218270720,91235328,130556928,171966464,0.03749013038475569,0.0,0.0,0.0,1.3489240407943726,9.125,0.999297022819519,PerRow/e4m3/TORCH/fast_accum=False/inductor_config=False/activation_lb=float32.tiny*448,0-torchao-compile_graph-cold,0,0.0590444979025051,0.05988499469822273,81294619.66000305
NVIDIA B200,0,10.0,580.126.20,2.12.1+cu130,13.0,92000,3.7.1,torchao,compile_graph,0.18.0,4800,2048,2048,False,42,bfloat16,True,5,50,warm,<REPO>/artifacts/torchao-625/compatibility-v2/sweep-1073875/cache/0-torchao-compile_graph/inductor,665.8492900023703,1139.766647000215,"{'emulate_precision_casts': True, 'eager_numerics.division_rounding': True}",5005.120377994899,0.90970000019297,27.241075003985316,0.05459199845790863,0.055296000093221664,8388608,4202496,12591104,28049408,82583552,194407424,91235328,130556928,171966464,0.03749013038475569,0.0,0.0,0.0,1.3489240407943726,9.125,0.999297022819519,PerRow/e4m3/TORCH/fast_accum=False/inductor_config=False/activation_lb=float32.tiny*448,0-torchao-compile_graph-warm,0,0.0595894998696167,0.060836006014142185,80551103.97809209
NVIDIA B200,0,10.0,580.126.20,2.12.1+cu130,13.0,92000,3.7.1,bf16,eager,,4800,2048,2048,False,42,bfloat16,False,5,50,fresh,<REPO>/artifacts/torchao-625/compatibility-v2/sweep-1073875/cache/1-bf16-eager/inductor,0.4472760047065094,0.0,,110.92908199498197,0.5300260017975233,0.0,0.03814399987459183,0.03951999917626381,8388608,0,8388608,28049408,28049408,100925440,61603840,100925440,117440512,0.0,0.0,0.0,0.0,0.0,0.0,1.0,,1-bf16-eager-fresh,0,0.04232100400258787,0.043690997699741274,113418859.33770585
NVIDIA B200,0,10.0,580.126.20,2.12.1+cu130,13.0,92000,3.7.1,bf16,compile,,4800,2048,2048,False,42,bfloat16,False,5,50,cold,<REPO>/artifacts/torchao-625/compatibility-v2/sweep-1073875/cache/1-bf16-compile/inductor,0.43178100168006495,1284.0494710035273,,12278.525804998935,0.42539300193311647,0.0,0.0628800019621849,0.06480000168085098,8388608,0,8388608,28049408,28049408,241958912,61603840,100925440,253755392,0.0,0.0,0.0,0.0,0.0,0.0,1.0,,1-bf16-compile-cold,0,0.06527500227093697,0.06968300294829533,73535041.48612112
NVIDIA B200,0,10.0,580.126.20,2.12.1+cu130,13.0,92000,3.7.1,bf16,compile,,4800,2048,2048,False,42,bfloat16,False,5,50,warm,<REPO>/artifacts/torchao-625/compatibility-v2/sweep-1073875/cache/1-bf16-compile/inductor,0.4203339995001443,1282.2575489990413,,5067.4090600005,0.8360319989151321,0.0,0.06337599828839302,0.0655359998345375,8388608,0,8388608,28049408,28049408,100925440,61603840,100925440,117440512,0.0,0.0,0.0,0.0,0.0,0.0,1.0,,1-bf16-compile-warm,0,0.06572750135092065,0.07075100438669324,73028791.6221353
NVIDIA B200,0,10.0,580.126.20,2.12.1+cu130,13.0,92000,3.7.1,bf16,graph,,4800,2048,2048,False,42,bfloat16,False,5,50,fresh,<REPO>/artifacts/torchao-625/compatibility-v2/sweep-1073875/cache/1-bf16-graph/inductor,0.40654800250194967,0.0,,111.2758580056834,0.9908540014293976,13.895902993681375,0.048608001321554184,0.04950400069355965,8388608,0,8388608,28049408,28049408,154141696,154141696,193463296,216006656,0.0,0.0,0.0,0.0,0.0,0.0,1.0,,1-bf16-graph-fresh,0,0.05302700083120726,0.054894000641070306,90519922.39348225
NVIDIA B200,0,10.0,580.126.20,2.12.1+cu130,13.0,92000,3.7.1,bf16,compile_graph,,4800,2048,2048,False,42,bfloat16,False,5,50,cold,<REPO>/artifacts/torchao-625/compatibility-v2/sweep-1073875/cache/1-bf16-compile_graph/inductor,0.40751599590294063,1261.7877929951646,,12736.75879399525,0.6377739991876297,15.205345000140369,0.04835199937224388,0.04899200052022934,8388608,0,8388608,28049408,28049408,261619712,154141696,193463296,216006656,0.0,0.0,0.0,0.0,0.0,0.0,1.0,,1-bf16-compile_graph-cold,0,0.05347800106392242,0.05563300510402769,89756533.61206499
NVIDIA B200,0,10.0,580.126.20,2.12.1+cu130,13.0,92000,3.7.1,bf16,compile_graph,,4800,2048,2048,False,42,bfloat16,False,5,50,warm,<REPO>/artifacts/torchao-625/compatibility-v2/sweep-1073875/cache/1-bf16-compile_graph/inductor,0.41448000411037356,1285.2041409933008,,4914.790458002244,1.2091480020899326,4.8068550022435375,0.04862400144338608,0.049215998500585556,8388608,0,8388608,28049408,28049408,154141696,154141696,193463296,216006656,0.0,0.0,0.0,0.0,0.0,0.0,1.0,,1-bf16-compile_graph-warm,0,0.053660001867683604,0.05619200237561017,89452102.7381993
NVIDIA B200,0,10.0,580.126.20,2.12.1+cu130,13.0,92000,3.7.1,flashdreams,eager,,4800,2048,2048,False,42,bfloat16,True,5,50,fresh,<REPO>/artifacts/torchao-625/compatibility-v2/sweep-1073875/cache/1-flashdreams-eager/inductor,1636.3416919994052,0.0,,13.78183899942087,0.7047280014376156,0.0,0.061872001737356186,0.06537599861621857,8388608,4202496,12591104,28049408,32251904,81423360,32251904,81423360,106954752,0.037498329799821824,0.0,0.0,0.0,1.349339485168457,9.666015625,0.9992967844009399,,1-flashdreams-eager-fresh,0,0.06435949762817472,0.06942199979675934,74581066.92707774
NVIDIA B200,0,10.0,580.126.20,2.12.1+cu130,13.0,92000,3.7.1,flashdreams,compile,,4800,2048,2048,False,42,bfloat16,True,5,50,cold,<REPO>/artifacts/torchao-625/compatibility-v2/sweep-1073875/cache/1-flashdreams-compile/inductor,1653.5936540021794,1303.5752499999944,,33667.19408999779,0.5448200026876293,0.0,0.077504001557827,0.08057600259780884,8388608,4202496,12591104,28049408,32251904,198609920,32251904,81423360,220200960,0.037498329799821824,0.0,0.0,0.0,1.349339485168457,9.666015625,0.9992967844009399,,1-flashdreams-compile-cold,0,0.07913450099295005,0.0830329954624176,60656223.7680329
NVIDIA B200,0,10.0,580.126.20,2.12.1+cu130,13.0,92000,3.7.1,flashdreams,compile,,4800,2048,2048,False,42,bfloat16,True,5,50,warm,<REPO>/artifacts/torchao-625/compatibility-v2/sweep-1073875/cache/1-flashdreams-compile/inductor,569.1885330015793,1270.0500209975871,,4590.422321998631,1.0109930008184165,0.0,0.07657600194215775,0.08083199709653854,8388608,4202496,12591104,28049408,32251904,81423360,32251904,81423360,106954752,0.037498329799821824,0.0,0.0,0.0,1.349339485168457,9.666015625,0.9992967844009399,,1-flashdreams-compile-warm,0,0.07874750372138806,0.08620399603387341,60954313.12950058
NVIDIA B200,0,10.0,580.126.20,2.12.1+cu130,13.0,92000,3.7.1,flashdreams,graph,,4800,2048,2048,False,42,bfloat16,True,5,50,fresh,<REPO>/artifacts/torchao-625/compatibility-v2/sweep-1073875/cache/1-flashdreams-graph/inductor,1888.8219220025348,0.0,,13.472600003296975,0.9123279960476793,4.746140002680477,0.05105600133538246,0.05244800075888634,8388608,4202496,12591104,28049408,32251904,101084160,91235328,130556928,171966464,0.037498329799821824,0.0,0.0,0.0,1.349339485168457,9.666015625,0.9992967844009399,,1-flashdreams-graph-fresh,0,0.05581399818765931,0.05867499567102641,85999931.12590344
NVIDIA B200,0,10.0,580.126.20,2.12.1+cu130,13.0,92000,3.7.1,flashdreams,compile_graph,,4800,2048,2048,False,42,bfloat16,True,5,50,cold,<REPO>/artifacts/torchao-625/compatibility-v2/sweep-1073875/cache/1-flashdreams-compile_graph/inductor,1877.2052099957364,1216.1062840023078,,35285.7503310006,0.8612110032117926,4.890922995400615,0.0512159988284111,0.05209600180387497,8388608,4202496,12591104,28049408,32251904,218270720,91235328,130556928,171966464,0.037498329799821824,0.0,0.0,0.0,1.349339485168457,9.666015625,0.9992967844009399,,1-flashdreams-compile_graph-cold,0,0.05602899909717962,0.05970699567114934,85669922.31423998
NVIDIA B200,0,10.0,580.126.20,2.12.1+cu130,13.0,92000,3.7.1,flashdreams,compile_graph,,4800,2048,2048,False,42,bfloat16,True,5,50,warm,<REPO>/artifacts/torchao-625/compatibility-v2/sweep-1073875/cache/1-flashdreams-compile_graph/inductor,565.0988039997173,1299.2332189969602,,5204.862845996104,1.1997019973932765,6.7346739961067215,0.05108800157904625,0.05241600051522255,8388608,4202496,12591104,28049408,32251904,101084160,91235328,130556928,171966464,0.037498329799821824,0.0,0.0,0.0,1.349339485168457,9.666015625,0.9992967844009399,,1-flashdreams-compile_graph-warm,0,0.05636350033455528,0.05942999996477738,85161495.85296817
NVIDIA B200,0,10.0,580.126.20,2.12.1+cu130,13.0,92000,3.7.1,torchao,eager,0.18.0,4800,2048,2048,False,42,bfloat16,True,5,50,fresh,<REPO>/artifacts/torchao-625/compatibility-v2/sweep-1073875/cache/1-torchao-eager/inductor,651.5299789971323,0.0,,13.592872004664969,0.9706810014904477,0.0,0.1525919958949089,0.1576319932937622,8388608,4202496,12591104,28049408,82583552,181300224,32251904,181824512,274726912,0.03749013038475569,0.0,0.0,0.0,1.3489240407943726,9.125,0.999297022819519,PerRow/e4m3/TORCH/fast_accum=False/inductor_config=False/activation_lb=float32.tiny*448,1-torchao-eager-fresh,0,0.15750400052638724,0.17356900207232684,30475416.395508237
NVIDIA B200,0,10.0,580.126.20,2.12.1+cu130,13.0,92000,3.7.1,torchao,compile,0.18.0,4800,2048,2048,False,42,bfloat16,True,5,50,cold,<REPO>/artifacts/torchao-625/compatibility-v2/sweep-1073875/cache/1-torchao-compile/inductor,675.8895250022761,1163.4097739952267,"{'emulate_precision_casts': True, 'eager_numerics.division_rounding': True}",54208.618249998835,0.6790010011172853,0.0,0.0772319994866848,0.0804160013794899,8388608,4202496,12591104,28049408,82583552,198609920,32251904,81423360,249561088,0.03749013038475569,0.0,0.0,0.0,1.3489240407943726,9.125,0.999297022819519,PerRow/e4m3/TORCH/fast_accum=False/inductor_config=False/activation_lb=float32.tiny*448,1-torchao-compile-cold,0,0.0804404990049079,0.08474000060232356,59671434.903793156
NVIDIA B200,0,10.0,580.126.20,2.12.1+cu130,13.0,92000,3.7.1,torchao,compile,0.18.0,4800,2048,2048,False,42,bfloat16,True,5,50,warm,<REPO>/artifacts/torchao-625/compatibility-v2/sweep-1073875/cache/1-torchao-compile/inductor,678.9037589987856,1209.700713006896,"{'emulate_precision_casts': True, 'eager_numerics.division_rounding': True}",4936.544882002636,0.9878779965220019,0.0,0.09806399792432785,0.15804800391197205,8388608,4202496,12591104,28049408,82583552,82583552,32251904,81423360,136314880,0.03749013038475569,0.0,0.0,0.0,1.3489240407943726,9.125,0.999297022819519,PerRow/e4m3/TORCH/fast_accum=False/inductor_config=False/activation_lb=float32.tiny*448,1-torchao-compile-warm,0,0.09909600339597091,0.13099799980409443,48437876.76098308
NVIDIA B200,0,10.0,580.126.20,2.12.1+cu130,13.0,92000,3.7.1,torchao,graph,0.18.0,4800,2048,2048,False,42,bfloat16,True,5,50,fresh,<REPO>/artifacts/torchao-625/compatibility-v2/sweep-1073875/cache/1-torchao-graph/inductor,658.1209520008997,0.0,,13.86644500598777,1.331268998910673,6.038503001036588,0.12283199653029442,0.1244800016283989,8388608,4202496,12591104,28049408,82583552,200961024,91235328,130556928,270532608,0.03749013038475569,0.0,0.0,0.0,1.3489240407943726,9.125,0.999297022819519,PerRow/e4m3/TORCH/fast_accum=False/inductor_config=False/activation_lb=float32.tiny*448,1-torchao-graph-fresh,0,0.12718099969788454,0.12870300270151347,37741486.632455215
NVIDIA B200,0,10.0,580.126.20,2.12.1+cu130,13.0,92000,3.7.1,torchao,compile_graph,0.18.0,4800,2048,2048,False,42,bfloat16,True,5,50,cold,<REPO>/artifacts/torchao-625/compatibility-v2/sweep-1073875/cache/1-torchao-compile_graph/inductor,658.283755001321,1179.0440909971949,"{'emulate_precision_casts': True, 'eager_numerics.division_rounding': True}",50323.789695001324,0.973344998783432,6.038124003680423,0.054287999868392944,0.054976001381874084,8388608,4202496,12591104,28049408,82583552,218270720,91235328,130556928,171966464,0.03749013038475569,0.0,0.0,0.0,1.3489240407943726,9.125,0.999297022819519,PerRow/e4m3/TORCH/fast_accum=False/inductor_config=False/activation_lb=float32.tiny*448,1-torchao-compile_graph-cold,0,0.05902549673919566,0.06082999607315287,81320789.57689784
NVIDIA B200,0,10.0,580.126.20,2.12.1+cu130,13.0,92000,3.7.1,torchao,compile_graph,0.18.0,4800,2048,2048,False,42,bfloat16,True,5,50,warm,<REPO>/artifacts/torchao-625/compatibility-v2/sweep-1073875/cache/1-torchao-compile_graph/inductor,659.6387170066009,1205.1378299947828,"{'emulate_precision_casts': True, 'eager_numerics.division_rounding': True}",5016.932498001552,0.8734180009923875,5.258518998743966,0.054576000198721886,0.055456001311540604,8388608,4202496,12591104,28049408,82583552,194407424,91235328,130556928,171966464,0.03749013038475569,0.0,0.0,0.0,1.3489240407943726,9.125,0.999297022819519,PerRow/e4m3/TORCH/fast_accum=False/inductor_config=False/activation_lb=float32.tiny*448,1-torchao-compile_graph-warm,0,0.05995450192131102,0.06073300028219819,80060710.14149855
NVIDIA B200,0,10.0,580.126.20,2.12.1+cu130,13.0,92000,3.7.1,bf16,eager,,4800,2048,2048,False,42,bfloat16,False,5,50,fresh,<REPO>/artifacts/torchao-625/compatibility-v2/sweep-1073875/cache/2-bf16-eager/inductor,0.39448600000469014,0.0,,107.21034400194185,0.4601580003509298,0.0,0.0388799998909235,0.0398080013692379,8388608,0,8388608,28049408,28049408,100925440,61603840,100925440,117440512,0.0,0.0,0.0,0.0,0.0,0.0,1.0,,2-bf16-eager-fresh,0,0.04212150088278577,0.043542000639718026,113956053.30772214
NVIDIA B200,0,10.0,580.126.20,2.12.1+cu130,13.0,92000,3.7.1,bf16,compile,,4800,2048,2048,False,42,bfloat16,False,5,50,cold,<REPO>/artifacts/torchao-625/compatibility-v2/sweep-1073875/cache/2-bf16-compile/inductor,0.42617500002961606,1298.2540680022794,,11870.624240997131,0.39330100116785616,0.0,0.06347199901938438,0.0655680000782013,8388608,0,8388608,28049408,28049408,241958912,61603840,100925440,253755392,0.0,0.0,0.0,0.0,0.0,0.0,1.0,,2-bf16-compile-cold,0,0.06498700167867355,0.06853300146758556,73860924.123465
NVIDIA B200,0,10.0,580.126.20,2.12.1+cu130,13.0,92000,3.7.1,bf16,compile,,4800,2048,2048,False,42,bfloat16,False,5,50,warm,<REPO>/artifacts/torchao-625/compatibility-v2/sweep-1073875/cache/2-bf16-compile/inductor,0.33946299663512036,1297.1567009954015,,5025.879055996484,0.8293749997392297,0.0,0.0629120022058487,0.06665600091218948,8388608,0,8388608,28049408,28049408,100925440,61603840,100925440,117440512,0.0,0.0,0.0,0.0,0.0,0.0,1.0,,2-bf16-compile-warm,0,0.0657620039419271,0.06920799933141097,72990476.44957365
NVIDIA B200,0,10.0,580.126.20,2.12.1+cu130,13.0,92000,3.7.1,bf16,graph,,4800,2048,2048,False,42,bfloat16,False,5,50,fresh,<REPO>/artifacts/torchao-625/compatibility-v2/sweep-1073875/cache/2-bf16-graph/inductor,0.4039740015286952,0.0,,103.42974800005322,0.5935900044278242,4.467781000130344,0.04846400022506714,0.04918399825692177,8388608,0,8388608,28049408,28049408,154141696,154141696,193463296,216006656,0.0,0.0,0.0,0.0,0.0,0.0,1.0,,2-bf16-graph-fresh,0,0.05342149597709067,0.055534001148771495,89851471.06435277
NVIDIA B200,0,10.0,580.126.20,2.12.1+cu130,13.0,92000,3.7.1,bf16,compile_graph,,4800,2048,2048,False,42,bfloat16,False,5,50,cold,<REPO>/artifacts/torchao-625/compatibility-v2/sweep-1073875/cache/2-bf16-compile_graph/inductor,0.4068989946972579,1292.0778560001054,,11353.993142998661,0.6721059980918653,5.103912997583393,0.04827199876308441,0.04918399825692177,8388608,0,8388608,28049408,28049408,261619712,154141696,193463296,216006656,0.0,0.0,0.0,0.0,0.0,0.0,1.0,,2-bf16-compile_graph-cold,0,0.05335699825081974,0.05553499795496464,89960083.16352871
NVIDIA B200,0,10.0,580.126.20,2.12.1+cu130,13.0,92000,3.7.1,bf16,compile_graph,,4800,2048,2048,False,42,bfloat16,False,5,50,warm,<REPO>/artifacts/torchao-625/compatibility-v2/sweep-1073875/cache/2-bf16-compile_graph/inductor,0.3532290065777488,1284.291549003683,,4901.613387999532,1.3504419985110871,5.139854001754429,0.04915200173854828,0.05315199866890907,8388608,0,8388608,28049408,28049408,154141696,154141696,193463296,216006656,0.0,0.0,0.0,0.0,0.0,0.0,1.0,,2-bf16-compile_graph-warm,0,0.05366349796531722,0.0583990040468052,89446275.06582306
NVIDIA B200,0,10.0,580.126.20,2.12.1+cu130,13.0,92000,3.7.1,flashdreams,eager,,4800,2048,2048,False,42,bfloat16,True,5,50,fresh,<REPO>/artifacts/torchao-625/compatibility-v2/sweep-1073875/cache/2-flashdreams-eager/inductor,1898.893990997749,0.0,,13.362199999392033,0.7055750029394403,0.0,0.06207999959588051,0.0660799965262413,8388608,4202496,12591104,28049408,32251904,81423360,32251904,81423360,106954752,0.037498329799821824,0.0,0.0,0.0,1.349339485168457,9.666015625,0.9992967844009399,,2-flashdreams-eager-fresh,0,0.0642140003037639,0.0717209986760281,74750054.15164344
NVIDIA B200,0,10.0,580.126.20,2.12.1+cu130,13.0,92000,3.7.1,flashdreams,compile,,4800,2048,2048,False,42,bfloat16,True,5,50,cold,<REPO>/artifacts/torchao-625/compatibility-v2/sweep-1073875/cache/2-flashdreams-compile/inductor,1904.7896920019411,1330.8800960003282,,33859.476212994196,0.5626610000035726,0.0,0.0772319994866848,0.08028800040483475,8388608,4202496,12591104,28049408,32251904,198609920,32251904,81423360,220200960,0.037498329799821824,0.0,0.0,0.0,1.349339485168457,9.666015625,0.9992967844009399,,2-flashdreams-compile-cold,0,0.08077200254774652,0.08560500282328576,59426532.07294928
NVIDIA B200,0,10.0,580.126.20,2.12.1+cu130,13.0,92000,3.7.1,flashdreams,compile,,4800,2048,2048,False,42,bfloat16,True,5,50,warm,<REPO>/artifacts/torchao-625/compatibility-v2/sweep-1073875/cache/2-flashdreams-compile/inductor,572.3301050020382,1335.3088080039015,,5100.6194859946845,0.8876010033418424,0.0,0.0769599974155426,0.08124800026416779,8388608,4202496,12591104,28049408,32251904,81423360,32251904,81423360,106954752,0.037498329799821824,0.0,0.0,0.0,1.349339485168457,9.666015625,0.9992967844009399,,2-flashdreams-compile-warm,0,0.07928200284368359,0.08629100193502381,60543374.635274075
NVIDIA B200,0,10.0,580.126.20,2.12.1+cu130,13.0,92000,3.7.1,flashdreams,graph,,4800,2048,2048,False,42,bfloat16,True,5,50,fresh,<REPO>/artifacts/torchao-625/compatibility-v2/sweep-1073875/cache/2-flashdreams-graph/inductor,1401.5409580024425,0.0,,13.712764994124882,0.9142390044871718,4.715789000329096,0.05108800157904625,0.05167999863624573,8388608,4202496,12591104,28049408,32251904,101084160,91235328,130556928,171966464,0.037498329799821824,0.0,0.0,0.0,1.349339485168457,9.666015625,0.9992967844009399,,2-flashdreams-graph-fresh,0,0.05591999797616154,0.058012999943457544,85836912.97782628
NVIDIA B200,0,10.0,580.126.20,2.12.1+cu130,13.0,92000,3.7.1,flashdreams,compile_graph,,4800,2048,2048,False,42,bfloat16,True,5,50,cold,<REPO>/artifacts/torchao-625/compatibility-v2/sweep-1073875/cache/2-flashdreams-compile_graph/inductor,1897.2191820066655,1259.792754004593,,33913.454770998214,0.8490360050927848,4.87726600113092,0.05129599943757057,0.05241600051522255,8388608,4202496,12591104,28049408,32251904,218270720,91235328,130556928,171966464,0.037498329799821824,0.0,0.0,0.0,1.349339485168457,9.666015625,0.9992967844009399,,2-flashdreams-compile_graph-cold,0,0.055879998399177566,0.05961499846307561,85898356.0756624
NVIDIA B200,0,10.0,580.126.20,2.12.1+cu130,13.0,92000,3.7.1,flashdreams,compile_graph,,4800,2048,2048,False,42,bfloat16,True,5,50,warm,<REPO>/artifacts/torchao-625/compatibility-v2/sweep-1073875/cache/2-flashdreams-compile_graph/inductor,568.8598159977118,1291.0615949949715,,5208.213919002446,1.272973997402005,4.795410000951961,0.05115199834108353,0.05212799832224846,8388608,4202496,12591104,28049408,32251904,101084160,91235328,130556928,171966464,0.037498329799821824,0.0,0.0,0.0,1.349339485168457,9.666015625,0.9992967844009399,,2-flashdreams-compile_graph-warm,0,0.05642599717248231,0.05918699753237888,85067171.88049717
NVIDIA B200,0,10.0,580.126.20,2.12.1+cu130,13.0,92000,3.7.1,torchao,eager,0.18.0,4800,2048,2048,False,42,bfloat16,True,5,50,fresh,<REPO>/artifacts/torchao-625/compatibility-v2/sweep-1073875/cache/2-torchao-eager/inductor,657.5152309960686,0.0,,13.49867599492427,0.9820929990382865,0.0,0.1523519977927208,0.1616320013999939,8388608,4202496,12591104,28049408,82583552,181300224,32251904,181824512,274726912,0.03749013038475569,0.0,0.0,0.0,1.3489240407943726,9.125,0.999297022819519,PerRow/e4m3/TORCH/fast_accum=False/inductor_config=False/activation_lb=float32.tiny*448,2-torchao-eager-fresh,0,0.15822850036784075,0.17335700249532238,30335874.94567179
NVIDIA B200,0,10.0,580.126.20,2.12.1+cu130,13.0,92000,3.7.1,torchao,compile,0.18.0,4800,2048,2048,False,42,bfloat16,True,5,50,cold,<REPO>/artifacts/torchao-625/compatibility-v2/sweep-1073875/cache/2-torchao-compile/inductor,631.4794539939612,1145.1718320022337,"{'emulate_precision_casts': True, 'eager_numerics.division_rounding': True}",47452.94040100271,0.6561260015587322,0.0,0.07752000167965889,0.08124800026416779,8388608,4202496,12591104,28049408,82583552,198609920,32251904,81423360,249561088,0.03749013038475569,0.0,0.0,0.0,1.3489240407943726,9.125,0.999297022819519,PerRow/e4m3/TORCH/fast_accum=False/inductor_config=False/activation_lb=float32.tiny*448,2-torchao-compile-cold,0,0.08036099461605772,0.08379599603358656,59730470.27271194
NVIDIA B200,0,10.0,580.126.20,2.12.1+cu130,13.0,92000,3.7.1,torchao,compile,0.18.0,4800,2048,2048,False,42,bfloat16,True,5,50,warm,<REPO>/artifacts/torchao-625/compatibility-v2/sweep-1073875/cache/2-torchao-compile/inductor,645.7139550038846,1150.1347820012597,"{'emulate_precision_casts': True, 'eager_numerics.division_rounding': True}",5094.79384199949,0.8658949955133721,0.0,0.07648000121116638,0.07958400249481201,8388608,4202496,12591104,28049408,82583552,82583552,32251904,81423360,136314880,0.03749013038475569,0.0,0.0,0.0,1.3489240407943726,9.125,0.999297022819519,PerRow/e4m3/TORCH/fast_accum=False/inductor_config=False/activation_lb=float32.tiny*448,2-torchao-compile-warm,0,0.07940100113046356,0.08570800127927214,60452638.27483905
NVIDIA B200,0,10.0,580.126.20,2.12.1+cu130,13.0,92000,3.7.1,torchao,graph,0.18.0,4800,2048,2048,False,42,bfloat16,True,5,50,fresh,<REPO>/artifacts/torchao-625/compatibility-v2/sweep-1073875/cache/2-torchao-graph/inductor,650.2692639987799,0.0,,13.648688000102993,1.3976949994685128,5.837923999933992,0.12294399738311768,0.12412799894809723,8388608,4202496,12591104,28049408,82583552,200961024,91235328,130556928,270532608,0.03749013038475569,0.0,0.0,0.0,1.3489240407943726,9.125,0.999297022819519,PerRow/e4m3/TORCH/fast_accum=False/inductor_config=False/activation_lb=float32.tiny*448,2-torchao-graph-fresh,0,0.12760699610225856,0.12926199997309595,37615492.46213345
NVIDIA B200,0,10.0,580.126.20,2.12.1+cu130,13.0,92000,3.7.1,torchao,compile_graph,0.18.0,4800,2048,2048,False,42,bfloat16,True,5,50,cold,<REPO>/artifacts/torchao-625/compatibility-v2/sweep-1073875/cache/2-torchao-compile_graph/inductor,655.4318290000083,1171.1782089987537,"{'emulate_precision_casts': True, 'eager_numerics.division_rounding': True}",49767.15129600052,0.9681759984232485,6.147129999590106,0.05462399870157242,0.05516799911856651,8388608,4202496,12591104,28049408,82583552,218270720,91235328,130556928,171966464,0.03749013038475569,0.0,0.0,0.0,1.3489240407943726,9.125,0.999297022819519,PerRow/e4m3/TORCH/fast_accum=False/inductor_config=False/activation_lb=float32.tiny*448,2-torchao-compile_graph-cold,0,0.05905099897063337,0.060206002672202885,81285669.7375617
NVIDIA B200,0,10.0,580.126.20,2.12.1+cu130,13.0,92000,3.7.1,torchao,compile_graph,0.18.0,4800,2048,2048,False,42,bfloat16,True,5,50,warm,<REPO>/artifacts/torchao-625/compatibility-v2/sweep-1073875/cache/2-torchao-compile_graph/inductor,649.6885630040197,1160.4490620011347,"{'emulate_precision_casts': True, 'eager_numerics.division_rounding': True}",5057.211753999582,0.881487998412922,22.195500001544133,0.05451200157403946,0.05548800155520439,8388608,4202496,12591104,28049408,82583552,194407424,91235328,130556928,171966464,0.03749013038475569,0.0,0.0,0.0,1.3489240407943726,9.125,0.999297022819519,PerRow/e4m3/TORCH/fast_accum=False/inductor_config=False/activation_lb=float32.tiny*448,2-torchao-compile_graph-warm,0,0.059107500419486314,0.06019199645379558,81207967.95557871
